<?xml version="1.0" encoding="UTF-8"?>
<!DOCTYPE mapper PUBLIC "-//mybatis.org//DTD Mapper 3.0//EN" "http://mybatis.org/dtd/mybatis-3-mapper.dtd">
<mapper namespace="com.lmj.dao.UserMapper">
  <resultMap id="BaseResultMap" type="com.lmj.bean.User">
    <id column="id" jdbcType="INTEGER" property="id" />
    <result column="user_name" jdbcType="VARCHAR" property="userName" />
    <result column="email" jdbcType="VARCHAR" property="email" />
    <result column="pass" jdbcType="VARCHAR" property="pass" />
    <result column="passwd" jdbcType="VARCHAR" property="passwd" />
    <result column="t" jdbcType="INTEGER" property="t" />
    <result column="u" jdbcType="BIGINT" property="u" />
    <result column="d" jdbcType="BIGINT" property="d" />
    <result column="plan" jdbcType="VARCHAR" property="plan" />
    <result column="transfer_enable" jdbcType="BIGINT" property="transferEnable" />
    <result column="port" jdbcType="INTEGER" property="port" />
    <result column="switch" jdbcType="TINYINT" property="switch1" />
    <result column="enable" jdbcType="TINYINT" property="enable" />
    <result column="type" jdbcType="TINYINT" property="type" />
    <result column="last_get_gift_time" jdbcType="INTEGER" property="lastGetGiftTime" />
    <result column="last_check_in_time" jdbcType="INTEGER" property="lastCheckInTime" />
    <result column="last_rest_pass_time" jdbcType="INTEGER" property="lastRestPassTime" />
    <result column="reg_date" jdbcType="TIMESTAMP" property="regDate" />
    <result column="invite_num" jdbcType="INTEGER" property="inviteNum" />
    <result column="money" jdbcType="DECIMAL" property="money" />
    <result column="ref_by" jdbcType="INTEGER" property="refBy" />
    <result column="expire_time" jdbcType="INTEGER" property="expireTime" />
    <result column="method" jdbcType="VARCHAR" property="method" />
    <result column="is_email_verify" jdbcType="TINYINT" property="isEmailVerify" />
    <result column="reg_ip" jdbcType="VARCHAR" property="regIp" />
    <result column="node_speedlimit" jdbcType="DECIMAL" property="nodeSpeedlimit" />
    <result column="node_connector" jdbcType="INTEGER" property="nodeConnector" />
    <result column="is_admin" jdbcType="INTEGER" property="isAdmin" />
    <result column="im_type" jdbcType="INTEGER" property="imType" />
    <result column="last_day_t" jdbcType="BIGINT" property="lastDayT" />
    <result column="sendDailyMail" jdbcType="INTEGER" property="senddailymail" />
    <result column="class" jdbcType="INTEGER" property="class1" />
    <result column="class_expire" jdbcType="TIMESTAMP" property="classExpire" />
    <result column="expire_in" jdbcType="TIMESTAMP" property="expireIn" />
    <result column="ga_enable" jdbcType="INTEGER" property="gaEnable" />
    <result column="node_group" jdbcType="INTEGER" property="nodeGroup" />
    <result column="auto_reset_day" jdbcType="INTEGER" property="autoResetDay" />
    <result column="auto_reset_bandwidth" jdbcType="DECIMAL" property="autoResetBandwidth" />
    <result column="protocol" jdbcType="VARCHAR" property="protocol" />
    <result column="protocol_param" jdbcType="VARCHAR" property="protocolParam" />
    <result column="obfs" jdbcType="VARCHAR" property="obfs" />
    <result column="obfs_param" jdbcType="VARCHAR" property="obfsParam" />
    <result column="is_hide" jdbcType="INTEGER" property="isHide" />
    <result column="is_multi_user" jdbcType="INTEGER" property="isMultiUser" />
    <result column="telegram_id" jdbcType="BIGINT" property="telegramId" />
    <result column="discord" jdbcType="BIGINT" property="discord" />
  </resultMap>
  <resultMap extends="BaseResultMap" id="ResultMapWithBLOBs" type="com.lmj.bean.UserWithBLOBs">
    <result column="im_value" jdbcType="LONGVARCHAR" property="imValue" />
    <result column="theme" jdbcType="LONGVARCHAR" property="theme" />
    <result column="ga_token" jdbcType="LONGVARCHAR" property="gaToken" />
    <result column="pac" jdbcType="LONGVARCHAR" property="pac" />
    <result column="remark" jdbcType="LONGVARCHAR" property="remark" />
    <result column="forbidden_ip" jdbcType="LONGVARCHAR" property="forbiddenIp" />
    <result column="forbidden_port" jdbcType="LONGVARCHAR" property="forbiddenPort" />
    <result column="disconnect_ip" jdbcType="LONGVARCHAR" property="disconnectIp" />
  </resultMap>
  <sql id="Example_Where_Clause">
    <where>
      <foreach collection="oredCriteria" item="criteria" separator="or">
        <if test="criteria.valid">
          <trim prefix="(" prefixOverrides="and" suffix=")">
            <foreach collection="criteria.criteria" item="criterion">
              <choose>
                <when test="criterion.noValue">
                  and ${criterion.condition}
                </when>
                <when test="criterion.singleValue">
                  and ${criterion.condition} #{criterion.value}
                </when>
                <when test="criterion.betweenValue">
                  and ${criterion.condition} #{criterion.value} and #{criterion.secondValue}
                </when>
                <when test="criterion.listValue">
                  and ${criterion.condition}
                  <foreach close=")" collection="criterion.value" item="listItem" open="(" separator=",">
                    #{listItem}
                  </foreach>
                </when>
              </choose>
            </foreach>
          </trim>
        </if>
      </foreach>
    </where>
  </sql>
  <sql id="Update_By_Example_Where_Clause">
    <where>
      <foreach collection="example.oredCriteria" item="criteria" separator="or">
        <if test="criteria.valid">
          <trim prefix="(" prefixOverrides="and" suffix=")">
            <foreach collection="criteria.criteria" item="criterion">
              <choose>
                <when test="criterion.noValue">
                  and ${criterion.condition}
                </when>
                <when test="criterion.singleValue">
                  and ${criterion.condition} #{criterion.value}
                </when>
                <when test="criterion.betweenValue">
                  and ${criterion.condition} #{criterion.value} and #{criterion.secondValue}
                </when>
                <when test="criterion.listValue">
                  and ${criterion.condition}
                  <foreach close=")" collection="criterion.value" item="listItem" open="(" separator=",">
                    #{listItem}
                  </foreach>
                </when>
              </choose>
            </foreach>
          </trim>
        </if>
      </foreach>
    </where>
  </sql>
  <sql id="Base_Column_List">
    id, user_name, email, pass, passwd, t, u, d, plan, transfer_enable, port, switch, 
    enable, type, last_get_gift_time, last_check_in_time, last_rest_pass_time, reg_date, 
    invite_num, money, ref_by, expire_time, method, is_email_verify, reg_ip, node_speedlimit, 
    node_connector, is_admin, im_type, last_day_t, sendDailyMail, class, class_expire, 
    expire_in, ga_enable, node_group, auto_reset_day, auto_reset_bandwidth, protocol, 
    protocol_param, obfs, obfs_param, is_hide, is_multi_user, telegram_id, discord
  </sql>
  <sql id="Blob_Column_List">
    im_value, theme, ga_token, pac, remark, forbidden_ip, forbidden_port, disconnect_ip
  </sql>
  <select id="selectByExampleWithBLOBs" parameterType="com.lmj.bean.UserExample" resultMap="ResultMapWithBLOBs">
    select
    <if test="distinct">
      distinct
    </if>
    <include refid="Base_Column_List" />
    ,
    <include refid="Blob_Column_List" />
    from user
    <if test="_parameter != null">
      <include refid="Example_Where_Clause" />
    </if>
    <if test="orderByClause != null">
      order by ${orderByClause}
    </if>
  </select>
  <select id="selectByExample" parameterType="com.lmj.bean.UserExample" resultMap="BaseResultMap">
    select
    <if test="distinct">
      distinct
    </if>
    <include refid="Base_Column_List" />
    from user
    <if test="_parameter != null">
      <include refid="Example_Where_Clause" />
    </if>
    <if test="orderByClause != null">
      order by ${orderByClause}
    </if>
  </select>
  <select id="selectByPrimaryKey" parameterType="java.lang.Integer" resultMap="ResultMapWithBLOBs">
    select 
    <include refid="Base_Column_List" />
    ,
    <include refid="Blob_Column_List" />
    from user
    where id = #{id,jdbcType=INTEGER}
  </select>
  <delete id="deleteByPrimaryKey" parameterType="java.lang.Integer">
    delete from user
    where id = #{id,jdbcType=INTEGER}
  </delete>
  <delete id="deleteByExample" parameterType="com.lmj.bean.UserExample">
    delete from user
    <if test="_parameter != null">
      <include refid="Example_Where_Clause" />
    </if>
  </delete>
  <insert id="insert" parameterType="com.lmj.bean.UserWithBLOBs">
    insert into user (id, user_name, email, 
      pass, passwd, t, u, 
      d, plan, transfer_enable, 
      port, switch, enable, 
      type, last_get_gift_time, last_check_in_time, 
      last_rest_pass_time, reg_date, invite_num, 
      money, ref_by, expire_time, 
      method, is_email_verify, reg_ip, 
      node_speedlimit, node_connector, is_admin, 
      im_type, last_day_t, sendDailyMail, 
      class, class_expire, expire_in, 
      ga_enable, node_group, auto_reset_day, 
      auto_reset_bandwidth, protocol, protocol_param, 
      obfs, obfs_param, is_hide, 
      is_multi_user, telegram_id, discord, 
      im_value, theme, ga_token, 
      pac, remark, forbidden_ip, 
      forbidden_port, disconnect_ip)
    values (#{id,jdbcType=INTEGER}, #{userName,jdbcType=VARCHAR}, #{email,jdbcType=VARCHAR}, 
      #{pass,jdbcType=VARCHAR}, #{passwd,jdbcType=VARCHAR}, #{t,jdbcType=INTEGER}, #{u,jdbcType=BIGINT}, 
      #{d,jdbcType=BIGINT}, #{plan,jdbcType=VARCHAR}, #{transferEnable,jdbcType=BIGINT}, 
      #{port,jdbcType=INTEGER}, #{switch1,jdbcType=TINYINT}, #{enable,jdbcType=TINYINT}, 
      #{type,jdbcType=TINYINT}, #{lastGetGiftTime,jdbcType=INTEGER}, #{lastCheckInTime,jdbcType=INTEGER}, 
      #{lastRestPassTime,jdbcType=INTEGER}, #{regDate,jdbcType=TIMESTAMP}, #{inviteNum,jdbcType=INTEGER}, 
      #{money,jdbcType=DECIMAL}, #{refBy,jdbcType=INTEGER}, #{expireTime,jdbcType=INTEGER}, 
      #{method,jdbcType=VARCHAR}, #{isEmailVerify,jdbcType=TINYINT}, #{regIp,jdbcType=VARCHAR}, 
      #{nodeSpeedlimit,jdbcType=DECIMAL}, #{nodeConnector,jdbcType=INTEGER}, #{isAdmin,jdbcType=INTEGER}, 
      #{imType,jdbcType=INTEGER}, #{lastDayT,jdbcType=BIGINT}, #{senddailymail,jdbcType=INTEGER}, 
      #{class1,jdbcType=INTEGER}, #{classExpire,jdbcType=TIMESTAMP}, #{expireIn,jdbcType=TIMESTAMP}, 
      #{gaEnable,jdbcType=INTEGER}, #{nodeGroup,jdbcType=INTEGER}, #{autoResetDay,jdbcType=INTEGER}, 
      #{autoResetBandwidth,jdbcType=DECIMAL}, #{protocol,jdbcType=VARCHAR}, #{protocolParam,jdbcType=VARCHAR}, 
      #{obfs,jdbcType=VARCHAR}, #{obfsParam,jdbcType=VARCHAR}, #{isHide,jdbcType=INTEGER}, 
      #{isMultiUser,jdbcType=INTEGER}, #{telegramId,jdbcType=BIGINT}, #{discord,jdbcType=BIGINT}, 
      #{imValue,jdbcType=LONGVARCHAR}, #{theme,jdbcType=LONGVARCHAR}, #{gaToken,jdbcType=LONGVARCHAR}, 
      #{pac,jdbcType=LONGVARCHAR}, #{remark,jdbcType=LONGVARCHAR}, #{forbiddenIp,jdbcType=LONGVARCHAR}, 
      #{forbiddenPort,jdbcType=LONGVARCHAR}, #{disconnectIp,jdbcType=LONGVARCHAR})
  </insert>
  <insert id="insertSelective" parameterType="com.lmj.bean.UserWithBLOBs">
    insert into user
    <trim prefix="(" suffix=")" suffixOverrides=",">
      <if test="id != null">
        id,
      </if>
      <if test="userName != null">
        user_name,
      </if>
      <if test="email != null">
        email,
      </if>
      <if test="pass != null">
        pass,
      </if>
      <if test="passwd != null">
        passwd,
      </if>
      <if test="t != null">
        t,
      </if>
      <if test="u != null">
        u,
      </if>
      <if test="d != null">
        d,
      </if>
      <if test="plan != null">
        plan,
      </if>
      <if test="transferEnable != null">
        transfer_enable,
      </if>
      <if test="port != null">
        port,
      </if>
      <if test="switch1 != null">
        switch,
      </if>
      <if test="enable != null">
        enable,
      </if>
      <if test="type != null">
        type,
      </if>
      <if test="lastGetGiftTime != null">
        last_get_gift_time,
      </if>
      <if test="lastCheckInTime != null">
        last_check_in_time,
      </if>
      <if test="lastRestPassTime != null">
        last_rest_pass_time,
      </if>
      <if test="regDate != null">
        reg_date,
      </if>
      <if test="inviteNum != null">
        invite_num,
      </if>
      <if test="money != null">
        money,
      </if>
      <if test="refBy != null">
        ref_by,
      </if>
      <if test="expireTime != null">
        expire_time,
      </if>
      <if test="method != null">
        method,
      </if>
      <if test="isEmailVerify != null">
        is_email_verify,
      </if>
      <if test="regIp != null">
        reg_ip,
      </if>
      <if test="nodeSpeedlimit != null">
        node_speedlimit,
      </if>
      <if test="nodeConnector != null">
        node_connector,
      </if>
      <if test="isAdmin != null">
        is_admin,
      </if>
      <if test="imType != null">
        im_type,
      </if>
      <if test="lastDayT != null">
        last_day_t,
      </if>
      <if test="senddailymail != null">
        sendDailyMail,
      </if>
      <if test="class1 != null">
        class,
      </if>
      <if test="classExpire != null">
        class_expire,
      </if>
      <if test="expireIn != null">
        expire_in,
      </if>
      <if test="gaEnable != null">
        ga_enable,
      </if>
      <if test="nodeGroup != null">
        node_group,
      </if>
      <if test="autoResetDay != null">
        auto_reset_day,
      </if>
      <if test="autoResetBandwidth != null">
        auto_reset_bandwidth,
      </if>
      <if test="protocol != null">
        protocol,
      </if>
      <if test="protocolParam != null">
        protocol_param,
      </if>
      <if test="obfs != null">
        obfs,
      </if>
      <if test="obfsParam != null">
        obfs_param,
      </if>
      <if test="isHide != null">
        is_hide,
      </if>
      <if test="isMultiUser != null">
        is_multi_user,
      </if>
      <if test="telegramId != null">
        telegram_id,
      </if>
      <if test="discord != null">
        discord,
      </if>
      <if test="imValue != null">
        im_value,
      </if>
      <if test="theme != null">
        theme,
      </if>
      <if test="gaToken != null">
        ga_token,
      </if>
      <if test="pac != null">
        pac,
      </if>
      <if test="remark != null">
        remark,
      </if>
      <if test="forbiddenIp != null">
        forbidden_ip,
      </if>
      <if test="forbiddenPort != null">
        forbidden_port,
      </if>
      <if test="disconnectIp != null">
        disconnect_ip,
      </if>
    </trim>
    <trim prefix="values (" suffix=")" suffixOverrides=",">
      <if test="id != null">
        #{id,jdbcType=INTEGER},
      </if>
      <if test="userName != null">
        #{userName,jdbcType=VARCHAR},
      </if>
      <if test="email != null">
        #{email,jdbcType=VARCHAR},
      </if>
      <if test="pass != null">
        #{pass,jdbcType=VARCHAR},
      </if>
      <if test="passwd != null">
        #{passwd,jdbcType=VARCHAR},
      </if>
      <if test="t != null">
        #{t,jdbcType=INTEGER},
      </if>
      <if test="u != null">
        #{u,jdbcType=BIGINT},
      </if>
      <if test="d != null">
        #{d,jdbcType=BIGINT},
      </if>
      <if test="plan != null">
        #{plan,jdbcType=VARCHAR},
      </if>
      <if test="transferEnable != null">
        #{transferEnable,jdbcType=BIGINT},
      </if>
      <if test="port != null">
        #{port,jdbcType=INTEGER},
      </if>
      <if test="switch1 != null">
        #{switch1,jdbcType=TINYINT},
      </if>
      <if test="enable != null">
        #{enable,jdbcType=TINYINT},
      </if>
      <if test="type != null">
        #{type,jdbcType=TINYINT},
      </if>
      <if test="lastGetGiftTime != null">
        #{lastGetGiftTime,jdbcType=INTEGER},
      </if>
      <if test="lastCheckInTime != null">
        #{lastCheckInTime,jdbcType=INTEGER},
      </if>
      <if test="lastRestPassTime != null">
        #{lastRestPassTime,jdbcType=INTEGER},
      </if>
      <if test="regDate != null">
        #{regDate,jdbcType=TIMESTAMP},
      </if>
      <if test="inviteNum != null">
        #{inviteNum,jdbcType=INTEGER},
      </if>
      <if test="money != null">
        #{money,jdbcType=DECIMAL},
      </if>
      <if test="refBy != null">
        #{refBy,jdbcType=INTEGER},
      </if>
      <if test="expireTime != null">
        #{expireTime,jdbcType=INTEGER},
      </if>
      <if test="method != null">
        #{method,jdbcType=VARCHAR},
      </if>
      <if test="isEmailVerify != null">
        #{isEmailVerify,jdbcType=TINYINT},
      </if>
      <if test="regIp != null">
        #{regIp,jdbcType=VARCHAR},
      </if>
      <if test="nodeSpeedlimit != null">
        #{nodeSpeedlimit,jdbcType=DECIMAL},
      </if>
      <if test="nodeConnector != null">
        #{nodeConnector,jdbcType=INTEGER},
      </if>
      <if test="isAdmin != null">
        #{isAdmin,jdbcType=INTEGER},
      </if>
      <if test="imType != null">
        #{imType,jdbcType=INTEGER},
      </if>
      <if test="lastDayT != null">
        #{lastDayT,jdbcType=BIGINT},
      </if>
      <if test="senddailymail != null">
        #{senddailymail,jdbcType=INTEGER},
      </if>
      <if test="class1 != null">
        #{class1,jdbcType=INTEGER},
      </if>
      <if test="classExpire != null">
        #{classExpire,jdbcType=TIMESTAMP},
      </if>
      <if test="expireIn != null">
        #{expireIn,jdbcType=TIMESTAMP},
      </if>
      <if test="gaEnable != null">
        #{gaEnable,jdbcType=INTEGER},
      </if>
      <if test="nodeGroup != null">
        #{nodeGroup,jdbcType=INTEGER},
      </if>
      <if test="autoResetDay != null">
        #{autoResetDay,jdbcType=INTEGER},
      </if>
      <if test="autoResetBandwidth != null">
        #{autoResetBandwidth,jdbcType=DECIMAL},
      </if>
      <if test="protocol != null">
        #{protocol,jdbcType=VARCHAR},
      </if>
      <if test="protocolParam != null">
        #{protocolParam,jdbcType=VARCHAR},
      </if>
      <if test="obfs != null">
        #{obfs,jdbcType=VARCHAR},
      </if>
      <if test="obfsParam != null">
        #{obfsParam,jdbcType=VARCHAR},
      </if>
      <if test="isHide != null">
        #{isHide,jdbcType=INTEGER},
      </if>
      <if test="isMultiUser != null">
        #{isMultiUser,jdbcType=INTEGER},
      </if>
      <if test="telegramId != null">
        #{telegramId,jdbcType=BIGINT},
      </if>
      <if test="discord != null">
        #{discord,jdbcType=BIGINT},
      </if>
      <if test="imValue != null">
        #{imValue,jdbcType=LONGVARCHAR},
      </if>
      <if test="theme != null">
        #{theme,jdbcType=LONGVARCHAR},
      </if>
      <if test="gaToken != null">
        #{gaToken,jdbcType=LONGVARCHAR},
      </if>
      <if test="pac != null">
        #{pac,jdbcType=LONGVARCHAR},
      </if>
      <if test="remark != null">
        #{remark,jdbcType=LONGVARCHAR},
      </if>
      <if test="forbiddenIp != null">
        #{forbiddenIp,jdbcType=LONGVARCHAR},
      </if>
      <if test="forbiddenPort != null">
        #{forbiddenPort,jdbcType=LONGVARCHAR},
      </if>
      <if test="disconnectIp != null">
        #{disconnectIp,jdbcType=LONGVARCHAR},
      </if>
    </trim>
  </insert>
  <select id="countByExample" parameterType="com.lmj.bean.UserExample" resultType="java.lang.Long">
    select count(*) from user
    <if test="_parameter != null">
      <include refid="Example_Where_Clause" />
    </if>
  </select>
  <update id="updateByExampleSelective" parameterType="map">
    update user
    <set>
      <if test="record.id != null">
        id = #{record.id,jdbcType=INTEGER},
      </if>
      <if test="record.userName != null">
        user_name = #{record.userName,jdbcType=VARCHAR},
      </if>
      <if test="record.email != null">
        email = #{record.email,jdbcType=VARCHAR},
      </if>
      <if test="record.pass != null">
        pass = #{record.pass,jdbcType=VARCHAR},
      </if>
      <if test="record.passwd != null">
        passwd = #{record.passwd,jdbcType=VARCHAR},
      </if>
      <if test="record.t != null">
        t = #{record.t,jdbcType=INTEGER},
      </if>
      <if test="record.u != null">
        u = #{record.u,jdbcType=BIGINT},
      </if>
      <if test="record.d != null">
        d = #{record.d,jdbcType=BIGINT},
      </if>
      <if test="record.plan != null">
        plan = #{record.plan,jdbcType=VARCHAR},
      </if>
      <if test="record.transferEnable != null">
        transfer_enable = #{record.transferEnable,jdbcType=BIGINT},
      </if>
      <if test="record.port != null">
        port = #{record.port,jdbcType=INTEGER},
      </if>
      <if test="record.switch1 != null">
        switch = #{record.switch1,jdbcType=TINYINT},
      </if>
      <if test="record.enable != null">
        enable = #{record.enable,jdbcType=TINYINT},
      </if>
      <if test="record.type != null">
        type = #{record.type,jdbcType=TINYINT},
      </if>
      <if test="record.lastGetGiftTime != null">
        last_get_gift_time = #{record.lastGetGiftTime,jdbcType=INTEGER},
      </if>
      <if test="record.lastCheckInTime != null">
        last_check_in_time = #{record.lastCheckInTime,jdbcType=INTEGER},
      </if>
      <if test="record.lastRestPassTime != null">
        last_rest_pass_time = #{record.lastRestPassTime,jdbcType=INTEGER},
      </if>
      <if test="record.regDate != null">
        reg_date = #{record.regDate,jdbcType=TIMESTAMP},
      </if>
      <if test="record.inviteNum != null">
        invite_num = #{record.inviteNum,jdbcType=INTEGER},
      </if>
      <if test="record.money != null">
        money = #{record.money,jdbcType=DECIMAL},
      </if>
      <if test="record.refBy != null">
        ref_by = #{record.refBy,jdbcType=INTEGER},
      </if>
      <if test="record.expireTime != null">
        expire_time = #{record.expireTime,jdbcType=INTEGER},
      </if>
      <if test="record.method != null">
        method = #{record.method,jdbcType=VARCHAR},
      </if>
      <if test="record.isEmailVerify != null">
        is_email_verify = #{record.isEmailVerify,jdbcType=TINYINT},
      </if>
      <if test="record.regIp != null">
        reg_ip = #{record.regIp,jdbcType=VARCHAR},
      </if>
      <if test="record.nodeSpeedlimit != null">
        node_speedlimit = #{record.nodeSpeedlimit,jdbcType=DECIMAL},
      </if>
      <if test="record.nodeConnector != null">
        node_connector = #{record.nodeConnector,jdbcType=INTEGER},
      </if>
      <if test="record.isAdmin != null">
        is_admin = #{record.isAdmin,jdbcType=INTEGER},
      </if>
      <if test="record.imType != null">
        im_type = #{record.imType,jdbcType=INTEGER},
      </if>
      <if test="record.lastDayT != null">
        last_day_t = #{record.lastDayT,jdbcType=BIGINT},
      </if>
      <if test="record.senddailymail != null">
        sendDailyMail = #{record.senddailymail,jdbcType=INTEGER},
      </if>
      <if test="record.class1 != null">
        class = #{record.class1,jdbcType=INTEGER},
      </if>
      <if test="record.classExpire != null">
        class_expire = #{record.classExpire,jdbcType=TIMESTAMP},
      </if>
      <if test="record.expireIn != null">
        expire_in = #{record.expireIn,jdbcType=TIMESTAMP},
      </if>
      <if test="record.gaEnable != null">
        ga_enable = #{record.gaEnable,jdbcType=INTEGER},
      </if>
      <if test="record.nodeGroup != null">
        node_group = #{record.nodeGroup,jdbcType=INTEGER},
      </if>
      <if test="record.autoResetDay != null">
        auto_reset_day = #{record.autoResetDay,jdbcType=INTEGER},
      </if>
      <if test="record.autoResetBandwidth != null">
        auto_reset_bandwidth = #{record.autoResetBandwidth,jdbcType=DECIMAL},
      </if>
      <if test="record.protocol != null">
        protocol = #{record.protocol,jdbcType=VARCHAR},
      </if>
      <if test="record.protocolParam != null">
        protocol_param = #{record.protocolParam,jdbcType=VARCHAR},
      </if>
      <if test="record.obfs != null">
        obfs = #{record.obfs,jdbcType=VARCHAR},
      </if>
      <if test="record.obfsParam != null">
        obfs_param = #{record.obfsParam,jdbcType=VARCHAR},
      </if>
      <if test="record.isHide != null">
        is_hide = #{record.isHide,jdbcType=INTEGER},
      </if>
      <if test="record.isMultiUser != null">
        is_multi_user = #{record.isMultiUser,jdbcType=INTEGER},
      </if>
      <if test="record.telegramId != null">
        telegram_id = #{record.telegramId,jdbcType=BIGINT},
      </if>
      <if test="record.discord != null">
        discord = #{record.discord,jdbcType=BIGINT},
      </if>
      <if test="record.imValue != null">
        im_value = #{record.imValue,jdbcType=LONGVARCHAR},
      </if>
      <if test="record.theme != null">
        theme = #{record.theme,jdbcType=LONGVARCHAR},
      </if>
      <if test="record.gaToken != null">
        ga_token = #{record.gaToken,jdbcType=LONGVARCHAR},
      </if>
      <if test="record.pac != null">
        pac = #{record.pac,jdbcType=LONGVARCHAR},
      </if>
      <if test="record.remark != null">
        remark = #{record.remark,jdbcType=LONGVARCHAR},
      </if>
      <if test="record.forbiddenIp != null">
        forbidden_ip = #{record.forbiddenIp,jdbcType=LONGVARCHAR},
      </if>
      <if test="record.forbiddenPort != null">
        forbidden_port = #{record.forbiddenPort,jdbcType=LONGVARCHAR},
      </if>
      <if test="record.disconnectIp != null">
        disconnect_ip = #{record.disconnectIp,jdbcType=LONGVARCHAR},
      </if>
    </set>
    <if test="_parameter != null">
      <include refid="Update_By_Example_Where_Clause" />
    </if>
  </update>
  <update id="updateByExampleWithBLOBs" parameterType="map">
    update user
    set id = #{record.id,jdbcType=INTEGER},
      user_name = #{record.userName,jdbcType=VARCHAR},
      email = #{record.email,jdbcType=VARCHAR},
      pass = #{record.pass,jdbcType=VARCHAR},
      passwd = #{record.passwd,jdbcType=VARCHAR},
      t = #{record.t,jdbcType=INTEGER},
      u = #{record.u,jdbcType=BIGINT},
      d = #{record.d,jdbcType=BIGINT},
      plan = #{record.plan,jdbcType=VARCHAR},
      transfer_enable = #{record.transferEnable,jdbcType=BIGINT},
      port = #{record.port,jdbcType=INTEGER},
      switch = #{record.switch1,jdbcType=TINYINT},
      enable = #{record.enable,jdbcType=TINYINT},
      type = #{record.type,jdbcType=TINYINT},
      last_get_gift_time = #{record.lastGetGiftTime,jdbcType=INTEGER},
      last_check_in_time = #{record.lastCheckInTime,jdbcType=INTEGER},
      last_rest_pass_time = #{record.lastRestPassTime,jdbcType=INTEGER},
      reg_date = #{record.regDate,jdbcType=TIMESTAMP},
      invite_num = #{record.inviteNum,jdbcType=INTEGER},
      money = #{record.money,jdbcType=DECIMAL},
      ref_by = #{record.refBy,jdbcType=INTEGER},
      expire_time = #{record.expireTime,jdbcType=INTEGER},
      method = #{record.method,jdbcType=VARCHAR},
      is_email_verify = #{record.isEmailVerify,jdbcType=TINYINT},
      reg_ip = #{record.regIp,jdbcType=VARCHAR},
      node_speedlimit = #{record.nodeSpeedlimit,jdbcType=DECIMAL},
      node_connector = #{record.nodeConnector,jdbcType=INTEGER},
      is_admin = #{record.isAdmin,jdbcType=INTEGER},
      im_type = #{record.imType,jdbcType=INTEGER},
      last_day_t = #{record.lastDayT,jdbcType=BIGINT},
      sendDailyMail = #{record.senddailymail,jdbcType=INTEGER},
      class = #{record.class1,jdbcType=INTEGER},
      class_expire = #{record.classExpire,jdbcType=TIMESTAMP},
      expire_in = #{record.expireIn,jdbcType=TIMESTAMP},
      ga_enable = #{record.gaEnable,jdbcType=INTEGER},
      node_group = #{record.nodeGroup,jdbcType=INTEGER},
      auto_reset_day = #{record.autoResetDay,jdbcType=INTEGER},
      auto_reset_bandwidth = #{record.autoResetBandwidth,jdbcType=DECIMAL},
      protocol = #{record.protocol,jdbcType=VARCHAR},
      protocol_param = #{record.protocolParam,jdbcType=VARCHAR},
      obfs = #{record.obfs,jdbcType=VARCHAR},
      obfs_param = #{record.obfsParam,jdbcType=VARCHAR},
      is_hide = #{record.isHide,jdbcType=INTEGER},
      is_multi_user = #{record.isMultiUser,jdbcType=INTEGER},
      telegram_id = #{record.telegramId,jdbcType=BIGINT},
      discord = #{record.discord,jdbcType=BIGINT},
      im_value = #{record.imValue,jdbcType=LONGVARCHAR},
      theme = #{record.theme,jdbcType=LONGVARCHAR},
      ga_token = #{record.gaToken,jdbcType=LONGVARCHAR},
      pac = #{record.pac,jdbcType=LONGVARCHAR},
      remark = #{record.remark,jdbcType=LONGVARCHAR},
      forbidden_ip = #{record.forbiddenIp,jdbcType=LONGVARCHAR},
      forbidden_port = #{record.forbiddenPort,jdbcType=LONGVARCHAR},
      disconnect_ip = #{record.disconnectIp,jdbcType=LONGVARCHAR}
    <if test="_parameter != null">
      <include refid="Update_By_Example_Where_Clause" />
    </if>
  </update>
  <update id="updateByExample" parameterType="map">
    update user
    set id = #{record.id,jdbcType=INTEGER},
      user_name = #{record.userName,jdbcType=VARCHAR},
      email = #{record.email,jdbcType=VARCHAR},
      pass = #{record.pass,jdbcType=VARCHAR},
      passwd = #{record.passwd,jdbcType=VARCHAR},
      t = #{record.t,jdbcType=INTEGER},
      u = #{record.u,jdbcType=BIGINT},
      d = #{record.d,jdbcType=BIGINT},
      plan = #{record.plan,jdbcType=VARCHAR},
      transfer_enable = #{record.transferEnable,jdbcType=BIGINT},
      port = #{record.port,jdbcType=INTEGER},
      switch = #{record.switch1,jdbcType=TINYINT},
      enable = #{record.enable,jdbcType=TINYINT},
      type = #{record.type,jdbcType=TINYINT},
      last_get_gift_time = #{record.lastGetGiftTime,jdbcType=INTEGER},
      last_check_in_time = #{record.lastCheckInTime,jdbcType=INTEGER},
      last_rest_pass_time = #{record.lastRestPassTime,jdbcType=INTEGER},
      reg_date = #{record.regDate,jdbcType=TIMESTAMP},
      invite_num = #{record.inviteNum,jdbcType=INTEGER},
      money = #{record.money,jdbcType=DECIMAL},
      ref_by = #{record.refBy,jdbcType=INTEGER},
      expire_time = #{record.expireTime,jdbcType=INTEGER},
      method = #{record.method,jdbcType=VARCHAR},
      is_email_verify = #{record.isEmailVerify,jdbcType=TINYINT},
      reg_ip = #{record.regIp,jdbcType=VARCHAR},
      node_speedlimit = #{record.nodeSpeedlimit,jdbcType=DECIMAL},
      node_connector = #{record.nodeConnector,jdbcType=INTEGER},
      is_admin = #{record.isAdmin,jdbcType=INTEGER},
      im_type = #{record.imType,jdbcType=INTEGER},
      last_day_t = #{record.lastDayT,jdbcType=BIGINT},
      sendDailyMail = #{record.senddailymail,jdbcType=INTEGER},
      class = #{record.class1,jdbcType=INTEGER},
      class_expire = #{record.classExpire,jdbcType=TIMESTAMP},
      expire_in = #{record.expireIn,jdbcType=TIMESTAMP},
      ga_enable = #{record.gaEnable,jdbcType=INTEGER},
      node_group = #{record.nodeGroup,jdbcType=INTEGER},
      auto_reset_day = #{record.autoResetDay,jdbcType=INTEGER},
      auto_reset_bandwidth = #{record.autoResetBandwidth,jdbcType=DECIMAL},
      protocol = #{record.protocol,jdbcType=VARCHAR},
      protocol_param = #{record.protocolParam,jdbcType=VARCHAR},
      obfs = #{record.obfs,jdbcType=VARCHAR},
      obfs_param = #{record.obfsParam,jdbcType=VARCHAR},
      is_hide = #{record.isHide,jdbcType=INTEGER},
      is_multi_user = #{record.isMultiUser,jdbcType=INTEGER},
      telegram_id = #{record.telegramId,jdbcType=BIGINT},
      discord = #{record.discord,jdbcType=BIGINT}
    <if test="_parameter != null">
      <include refid="Update_By_Example_Where_Clause" />
    </if>
  </update>
  <update id="updateByPrimaryKeySelective" parameterType="com.lmj.bean.UserWithBLOBs">
    update user
    <set>
      <if test="userName != null">
        user_name = #{userName,jdbcType=VARCHAR},
      </if>
      <if test="email != null">
        email = #{email,jdbcType=VARCHAR},
      </if>
      <if test="pass != null">
        pass = #{pass,jdbcType=VARCHAR},
      </if>
      <if test="passwd != null">
        passwd = #{passwd,jdbcType=VARCHAR},
      </if>
      <if test="t != null">
        t = #{t,jdbcType=INTEGER},
      </if>
      <if test="u != null">
        u = #{u,jdbcType=BIGINT},
      </if>
      <if test="d != null">
        d = #{d,jdbcType=BIGINT},
      </if>
      <if test="plan != null">
        plan = #{plan,jdbcType=VARCHAR},
      </if>
      <if test="transferEnable != null">
        transfer_enable = #{transferEnable,jdbcType=BIGINT},
      </if>
      <if test="port != null">
        port = #{port,jdbcType=INTEGER},
      </if>
      <if test="switch1 != null">
        switch = #{switch1,jdbcType=TINYINT},
      </if>
      <if test="enable != null">
        enable = #{enable,jdbcType=TINYINT},
      </if>
      <if test="type != null">
        type = #{type,jdbcType=TINYINT},
      </if>
      <if test="lastGetGiftTime != null">
        last_get_gift_time = #{lastGetGiftTime,jdbcType=INTEGER},
      </if>
      <if test="lastCheckInTime != null">
        last_check_in_time = #{lastCheckInTime,jdbcType=INTEGER},
      </if>
      <if test="lastRestPassTime != null">
        last_rest_pass_time = #{lastRestPassTime,jdbcType=INTEGER},
      </if>
      <if test="regDate != null">
        reg_date = #{regDate,jdbcType=TIMESTAMP},
      </if>
      <if test="inviteNum != null">
        invite_num = #{inviteNum,jdbcType=INTEGER},
      </if>
      <if test="money != null">
        money = #{money,jdbcType=DECIMAL},
      </if>
      <if test="refBy != null">
        ref_by = #{refBy,jdbcType=INTEGER},
      </if>
      <if test="expireTime != null">
        expire_time = #{expireTime,jdbcType=INTEGER},
      </if>
      <if test="method != null">
        method = #{method,jdbcType=VARCHAR},
      </if>
      <if test="isEmailVerify != null">
        is_email_verify = #{isEmailVerify,jdbcType=TINYINT},
      </if>
      <if test="regIp != null">
        reg_ip = #{regIp,jdbcType=VARCHAR},
      </if>
      <if test="nodeSpeedlimit != null">
        node_speedlimit = #{nodeSpeedlimit,jdbcType=DECIMAL},
      </if>
      <if test="nodeConnector != null">
        node_connector = #{nodeConnector,jdbcType=INTEGER},
      </if>
      <if test="isAdmin != null">
        is_admin = #{isAdmin,jdbcType=INTEGER},
      </if>
      <if test="imType != null">
        im_type = #{imType,jdbcType=INTEGER},
      </if>
      <if test="lastDayT != null">
        last_day_t = #{lastDayT,jdbcType=BIGINT},
      </if>
      <if test="senddailymail != null">
        sendDailyMail = #{senddailymail,jdbcType=INTEGER},
      </if>
      <if test="class1 != null">
        class = #{class1,jdbcType=INTEGER},
      </if>
      <if test="classExpire != null">
        class_expire = #{classExpire,jdbcType=TIMESTAMP},
      </if>
      <if test="expireIn != null">
        expire_in = #{expireIn,jdbcType=TIMESTAMP},
      </if>
      <if test="gaEnable != null">
        ga_enable = #{gaEnable,jdbcType=INTEGER},
      </if>
      <if test="nodeGroup != null">
        node_group = #{nodeGroup,jdbcType=INTEGER},
      </if>
      <if test="autoResetDay != null">
        auto_reset_day = #{autoResetDay,jdbcType=INTEGER},
      </if>
      <if test="autoResetBandwidth != null">
        auto_reset_bandwidth = #{autoResetBandwidth,jdbcType=DECIMAL},
      </if>
      <if test="protocol != null">
        protocol = #{protocol,jdbcType=VARCHAR},
      </if>
      <if test="protocolParam != null">
        protocol_param = #{protocolParam,jdbcType=VARCHAR},
      </if>
      <if test="obfs != null">
        obfs = #{obfs,jdbcType=VARCHAR},
      </if>
      <if test="obfsParam != null">
        obfs_param = #{obfsParam,jdbcType=VARCHAR},
      </if>
      <if test="isHide != null">
        is_hide = #{isHide,jdbcType=INTEGER},
      </if>
      <if test="isMultiUser != null">
        is_multi_user = #{isMultiUser,jdbcType=INTEGER},
      </if>
      <if test="telegramId != null">
        telegram_id = #{telegramId,jdbcType=BIGINT},
      </if>
      <if test="discord != null">
        discord = #{discord,jdbcType=BIGINT},
      </if>
      <if test="imValue != null">
        im_value = #{imValue,jdbcType=LONGVARCHAR},
      </if>
      <if test="theme != null">
        theme = #{theme,jdbcType=LONGVARCHAR},
      </if>
      <if test="gaToken != null">
        ga_token = #{gaToken,jdbcType=LONGVARCHAR},
      </if>
      <if test="pac != null">
        pac = #{pac,jdbcType=LONGVARCHAR},
      </if>
      <if test="remark != null">
        remark = #{remark,jdbcType=LONGVARCHAR},
      </if>
      <if test="forbiddenIp != null">
        forbidden_ip = #{forbiddenIp,jdbcType=LONGVARCHAR},
      </if>
      <if test="forbiddenPort != null">
        forbidden_port = #{forbiddenPort,jdbcType=LONGVARCHAR},
      </if>
      <if test="disconnectIp != null">
        disconnect_ip = #{disconnectIp,jdbcType=LONGVARCHAR},
      </if>
    </set>
    where id = #{id,jdbcType=INTEGER}
  </update>
  <update id="updateByPrimaryKeyWithBLOBs" parameterType="com.lmj.bean.UserWithBLOBs">
    update user
    set user_name = #{userName,jdbcType=VARCHAR},
      email = #{email,jdbcType=VARCHAR},
      pass = #{pass,jdbcType=VARCHAR},
      passwd = #{passwd,jdbcType=VARCHAR},
      t = #{t,jdbcType=INTEGER},
      u = #{u,jdbcType=BIGINT},
      d = #{d,jdbcType=BIGINT},
      plan = #{plan,jdbcType=VARCHAR},
      transfer_enable = #{transferEnable,jdbcType=BIGINT},
      port = #{port,jdbcType=INTEGER},
      switch = #{switch1,jdbcType=TINYINT},
      enable = #{enable,jdbcType=TINYINT},
      type = #{type,jdbcType=TINYINT},
      last_get_gift_time = #{lastGetGiftTime,jdbcType=INTEGER},
      last_check_in_time = #{lastCheckInTime,jdbcType=INTEGER},
      last_rest_pass_time = #{lastRestPassTime,jdbcType=INTEGER},
      reg_date = #{regDate,jdbcType=TIMESTAMP},
      invite_num = #{inviteNum,jdbcType=INTEGER},
      money = #{money,jdbcType=DECIMAL},
      ref_by = #{refBy,jdbcType=INTEGER},
      expire_time = #{expireTime,jdbcType=INTEGER},
      method = #{method,jdbcType=VARCHAR},
      is_email_verify = #{isEmailVerify,jdbcType=TINYINT},
      reg_ip = #{regIp,jdbcType=VARCHAR},
      node_speedlimit = #{nodeSpeedlimit,jdbcType=DECIMAL},
      node_connector = #{nodeConnector,jdbcType=INTEGER},
      is_admin = #{isAdmin,jdbcType=INTEGER},
      im_type = #{imType,jdbcType=INTEGER},
      last_day_t = #{lastDayT,jdbcType=BIGINT},
      sendDailyMail = #{senddailymail,jdbcType=INTEGER},
      class = #{class1,jdbcType=INTEGER},
      class_expire = #{classExpire,jdbcType=TIMESTAMP},
      expire_in = #{expireIn,jdbcType=TIMESTAMP},
      ga_enable = #{gaEnable,jdbcType=INTEGER},
      node_group = #{nodeGroup,jdbcType=INTEGER},
      auto_reset_day = #{autoResetDay,jdbcType=INTEGER},
      auto_reset_bandwidth = #{autoResetBandwidth,jdbcType=DECIMAL},
      protocol = #{protocol,jdbcType=VARCHAR},
      protocol_param = #{protocolParam,jdbcType=VARCHAR},
      obfs = #{obfs,jdbcType=VARCHAR},
      obfs_param = #{obfsParam,jdbcType=VARCHAR},
      is_hide = #{isHide,jdbcType=INTEGER},
      is_multi_user = #{isMultiUser,jdbcType=INTEGER},
      telegram_id = #{telegramId,jdbcType=BIGINT},
      discord = #{discord,jdbcType=BIGINT},
      im_value = #{imValue,jdbcType=LONGVARCHAR},
      theme = #{theme,jdbcType=LONGVARCHAR},
      ga_token = #{gaToken,jdbcType=LONGVARCHAR},
      pac = #{pac,jdbcType=LONGVARCHAR},
      remark = #{remark,jdbcType=LONGVARCHAR},
      forbidden_ip = #{forbiddenIp,jdbcType=LONGVARCHAR},
      forbidden_port = #{forbiddenPort,jdbcType=LONGVARCHAR},
      disconnect_ip = #{disconnectIp,jdbcType=LONGVARCHAR}
    where id = #{id,jdbcType=INTEGER}
  </update>
  <update id="updateByPrimaryKey" parameterType="com.lmj.bean.User">
    update user
    set user_name = #{userName,jdbcType=VARCHAR},
      email = #{email,jdbcType=VARCHAR},
      pass = #{pass,jdbcType=VARCHAR},
      passwd = #{passwd,jdbcType=VARCHAR},
      t = #{t,jdbcType=INTEGER},
      u = #{u,jdbcType=BIGINT},
      d = #{d,jdbcType=BIGINT},
      plan = #{plan,jdbcType=VARCHAR},
      transfer_enable = #{transferEnable,jdbcType=BIGINT},
      port = #{port,jdbcType=INTEGER},
      switch = #{switch1,jdbcType=TINYINT},
      enable = #{enable,jdbcType=TINYINT},
      type = #{type,jdbcType=TINYINT},
      last_get_gift_time = #{lastGetGiftTime,jdbcType=INTEGER},
      last_check_in_time = #{lastCheckInTime,jdbcType=INTEGER},
      last_rest_pass_time = #{lastRestPassTime,jdbcType=INTEGER},
      reg_date = #{regDate,jdbcType=TIMESTAMP},
      invite_num = #{inviteNum,jdbcType=INTEGER},
      money = #{money,jdbcType=DECIMAL},
      ref_by = #{refBy,jdbcType=INTEGER},
      expire_time = #{expireTime,jdbcType=INTEGER},
      method = #{method,jdbcType=VARCHAR},
      is_email_verify = #{isEmailVerify,jdbcType=TINYINT},
      reg_ip = #{regIp,jdbcType=VARCHAR},
      node_speedlimit = #{nodeSpeedlimit,jdbcType=DECIMAL},
      node_connector = #{nodeConnector,jdbcType=INTEGER},
      is_admin = #{isAdmin,jdbcType=INTEGER},
      im_type = #{imType,jdbcType=INTEGER},
      last_day_t = #{lastDayT,jdbcType=BIGINT},
      sendDailyMail = #{senddailymail,jdbcType=INTEGER},
      class = #{class1,jdbcType=INTEGER},
      class_expire = #{classExpire,jdbcType=TIMESTAMP},
      expire_in = #{expireIn,jdbcType=TIMESTAMP},
      ga_enable = #{gaEnable,jdbcType=INTEGER},
      node_group = #{nodeGroup,jdbcType=INTEGER},
      auto_reset_day = #{autoResetDay,jdbcType=INTEGER},
      auto_reset_bandwidth = #{autoResetBandwidth,jdbcType=DECIMAL},
      protocol = #{protocol,jdbcType=VARCHAR},
      protocol_param = #{protocolParam,jdbcType=VARCHAR},
      obfs = #{obfs,jdbcType=VARCHAR},
      obfs_param = #{obfsParam,jdbcType=VARCHAR},
      is_hide = #{isHide,jdbcType=INTEGER},
      is_multi_user = #{isMultiUser,jdbcType=INTEGER},
      telegram_id = #{telegramId,jdbcType=BIGINT},
      discord = #{discord,jdbcType=BIGINT}
    where id = #{id,jdbcType=INTEGER}
  </update>
</mapper>