<?xml version="1.0" encoding="UTF-8"?>
<Configuration status="info">
    <Properties>
        <Property name="logPath">./log</Property>
    </Properties>
    <Appenders>
        <Console name="console" target="SYSTEM_OUT">
            <PatternLayout pattern="%d{yyyy-MM-dd HH:mm:ss.SSS} [%t] %-5p %c{1}(%F:%L) - %m%n" />
        </Console>
        <RollingFile name="fileAppender" fileName="${logPath}/SpringBootServer.log" filePattern="${logPath}/SpringBootServer.%d{yyyy-MM-dd}.%i.log.gz">
            <PatternLayout pattern="%d{yyyy-MM-dd HH:mm:ss.SSS} [%t] %-5p %c{1}(%L) - %m%n" />
            <Policies>
                <TimeBasedTriggeringPolicy />
                <SizeBasedTriggeringPolicy size="200 MB" />
            </Policies>
            <DefaultRolloverStrategy max="24" />
        </RollingFile>
        <Async name="asyncBrowser" bufferSize="512">
            <AppenderRef ref="fileAppender" />
        </Async>
    </Appenders>
    <Loggers>
        <Root level="info">
            <AppenderRef ref="asyncBrowser" />
        </Root>
    </Loggers>
</Configuration>